MapName,WinCntOfRed,WinCntOfBlue,DrawCnt,FirstMove
./autobattle/genmap0.tbsmap,1,0,0,6:3:6:3:6:4
./autobattle/genmap1.tbsmap,1,0,0,6:1:4:3:3:3
./autobattle/genmap10.tbsmap,0,1,0,5:6:3:3:2:3
./autobattle/genmap100.tbsmap,1,0,0,2:3:4:5:3:5
./autobattle/genmap101.tbsmap,1,0,0,5:3:5:2:6:2
./autobattle/genmap102.tbsmap,0,1,0,5:2:4:1:3:1
./autobattle/genmap103.tbsmap,0,1,0,5:3:5:2:4:2
./autobattle/genmap104.tbsmap,1,0,0,2:3:4:1:3:1
./autobattle/genmap105.tbsmap,1,0,0,3:3:4:1:3:1
./autobattle/genmap106.tbsmap,0,1,0,6:2:3:4:2:4
./autobattle/genmap107.tbsmap,0,1,0,6:4:5:4:4:4
./autobattle/genmap108.tbsmap,0,1,0,4:1:3:1:3:2
./autobattle/genmap109.tbsmap,1,0,0,1:6:2:2:2:3
./autobattle/genmap11.tbsmap,0,1,0,3:5:2:3:2:4
./autobattle/genmap110.tbsmap,1,0,0,5:3:2:2:3:2
./autobattle/genmap111.tbsmap,1,0,0,3:6:3:6:2:6
./autobattle/genmap112.tbsmap,1,0,0,6:6:4:4:4:5
./autobattle/genmap113.tbsmap,1,0,0,5:6:3:4:2:4
./autobattle/genmap114.tbsmap,1,0,0,1:2:2:1:3:1
./autobattle/genmap115.tbsmap,1,0,0,4:4:2:2:1:2
./autobattle/genmap116.tbsmap,1,0,0,1:2:5:4:5:5
./autobattle/genmap117.tbsmap,0,1,0,1:4:4:2:5:2
./autobattle/genmap118.tbsmap,1,0,0,3:3:3:2:3:1
./autobattle/genmap119.tbsmap,1,0,0,1:4:3:4:3:5
./autobattle/genmap12.tbsmap,1,0,0,2:5:3:4:3:3
./autobattle/genmap120.tbsmap,0,0,1,6:4:4:3:3:3
./autobattle/genmap121.tbsmap,1,0,0,3:2:2:2:2:3
./autobattle/genmap122.tbsmap,0,0,1,3:3:2:6:1:6
./autobattle/genmap123.tbsmap,1,0,0,4:2:6:4:6:5
./autobattle/genmap124.tbsmap,1,0,0,3:6:5:4:6:4
./autobattle/genmap125.tbsmap,1,0,0,1:1:1:4:1:5
./autobattle/genmap126.tbsmap,0,0,1,4:2:4:2:3:2
./autobattle/genmap127.tbsmap,0,0,1,6:3:5:3:4:3
./autobattle/genmap128.tbsmap,0,0,1,3:6:3:5:2:5
./autobattle/genmap129.tbsmap,0,1,0,2:3:3:4:2:4
./autobattle/genmap13.tbsmap,1,0,0,5:2:5:2:5:1
./autobattle/genmap130.tbsmap,0,0,1,3:4:2:3:2:2
./autobattle/genmap131.tbsmap,1,0,0,2:5:2:3:1:3
./autobattle/genmap132.tbsmap,0,1,0,2:6:4:3:4:2
./autobattle/genmap133.tbsmap,0,1,0,4:2:5:2:5:3
./autobattle/genmap134.tbsmap,1,0,0,6:1:4:1:3:1
./autobattle/genmap135.tbsmap,1,0,0,1:6:5:4:6:4
./autobattle/genmap136.tbsmap,0,0,1,2:1:3:4:2:4
./autobattle/genmap137.tbsmap,1,0,0,3:5:3:5:4:5
./autobattle/genmap138.tbsmap,0,1,0,3:4:3:4:2:4
./autobattle/genmap139.tbsmap,1,0,0,6:4:5:5:4:5
./autobattle/genmap14.tbsmap,0,0,1,6:5:6:2:5:2
./autobattle/genmap140.tbsmap,1,0,0,5:4:5:5:5:6
./autobattle/genmap141.tbsmap,1,0,0,2:6:5:5:6:5
./autobattle/genmap142.tbsmap,1,0,0,3:5:5:2:4:2
./autobattle/genmap143.tbsmap,1,0,0,2:5:2:6:1:6
./autobattle/genmap144.tbsmap,0,0,1,4:4:4:4:4:3
./autobattle/genmap145.tbsmap,1,0,0,6:1:5:4:5:5
./autobattle/genmap146.tbsmap,0,0,1,4:4:2:1:1:1
./autobattle/genmap147.tbsmap,0,1,0,2:3:3:2:2:2
./autobattle/genmap148.tbsmap,0,0,1,2:6:2:5:1:5
./autobattle/genmap149.tbsmap,0,0,1,5:6:4:6:3:6
./autobattle/genmap15.tbsmap,0,0,1,5:4:5:1:4:1
./autobattle/genmap150.tbsmap,1,0,0,6:5:6:1:5:1
./autobattle/genmap151.tbsmap,0,0,1,5:4:4:2:4:1
./autobattle/genmap152.tbsmap,1,0,0,3:3:6:5:6:6
./autobattle/genmap153.tbsmap,1,0,0,4:2:6:3:6:4
./autobattle/genmap154.tbsmap,0,1,0,5:6:4:4:5:4
./autobattle/genmap155.tbsmap,1,0,0,4:5:6:2:5:2
./autobattle/genmap156.tbsmap,1,0,0,4:3:3:5:4:5
./autobattle/genmap157.tbsmap,0,1,0,5:5:5:3:4:3
./autobattle/genmap158.tbsmap,1,0,0,6:1:6:1:5:1
./autobattle/genmap159.tbsmap,1,0,0,3:6:4:3:4:2
./autobattle/genmap16.tbsmap,0,1,0,3:1:3:2:2:2
./autobattle/genmap160.tbsmap,1,0,0,6:2:2:5:2:6
./autobattle/genmap161.tbsmap,0,1,0,6:3:5:5:6:5
./autobattle/genmap162.tbsmap,1,0,0,5:5:6:1:5:1
./autobattle/genmap163.tbsmap,0,1,0,2:6:6:4:6:5
./autobattle/genmap164.tbsmap,1,0,0,4:1:6:3:6:4
./autobattle/genmap165.tbsmap,1,0,0,5:6:4:3:3:3
./autobattle/genmap166.tbsmap,1,0,0,5:6:6:5:5:5
./autobattle/genmap167.tbsmap,1,0,0,5:3:6:5:6:6
./autobattle/genmap168.tbsmap,1,0,0,4:5:6:4:5:4
./autobattle/genmap169.tbsmap,0,1,0,1:6:3:3:4:3
./autobattle/genmap17.tbsmap,0,1,0,3:6:3:3:3:2
./autobattle/genmap170.tbsmap,0,1,0,3:3:5:3:6:3
./autobattle/genmap171.tbsmap,1,0,0,5:4:5:5:4:5
./autobattle/genmap172.tbsmap,1,0,0,5:1:6:2:5:2
./autobattle/genmap173.tbsmap,1,0,0,1:1:4:2:4:3
./autobattle/genmap174.tbsmap,1,0,0,1:6:2:3:3:3
./autobattle/genmap175.tbsmap,1,0,0,5:1:3:4:2:4
./autobattle/genmap176.tbsmap,1,0,0,6:3:3:1:4:1
./autobattle/genmap177.tbsmap,1,0,0,3:3:4:4:5:4
./autobattle/genmap178.tbsmap,0,0,1,2:2:3:4:2:4
./autobattle/genmap179.tbsmap,0,1,0,4:6:1:3:2:3
./autobattle/genmap18.tbsmap,0,1,0,1:5:3:5:3:4
./autobattle/genmap180.tbsmap,1,0,0,1:2:3:6:4:6
./autobattle/genmap181.tbsmap,1,0,0,4:1:6:1:6:2
./autobattle/genmap182.tbsmap,1,0,0,6:4:5:2:6:2
./autobattle/genmap183.tbsmap,1,0,0,5:1:6:5:6:6
./autobattle/genmap184.tbsmap,0,0,1,2:5:2:3:3:3
./autobattle/genmap185.tbsmap,0,0,1,5:1:4:2:3:2
./autobattle/genmap186.tbsmap,0,1,0,4:2:3:2:2:2
./autobattle/genmap187.tbsmap,0,0,1,3:4:2:1:1:1
./autobattle/genmap188.tbsmap,1,0,0,1:6:4:5:4:4
./autobattle/genmap189.tbsmap,0,1,0,3:3:2:6:1:6
./autobattle/genmap19.tbsmap,1,0,0,6:3:2:3:2:2
./autobattle/genmap190.tbsmap,1,0,0,2:6:2:2:2:1
./autobattle/genmap191.tbsmap,1,0,0,3:5:3:5:3:4
./autobattle/genmap192.tbsmap,1,0,0,1:1:3:5:3:4
./autobattle/genmap193.tbsmap,1,0,0,4:3:5:5:4:5
./autobattle/genmap194.tbsmap,0,1,0,2:4:4:2:4:3
./autobattle/genmap195.tbsmap,0,1,0,5:6:5:6:4:6
./autobattle/genmap196.tbsmap,1,0,0,4:1:4:3:3:3
./autobattle/genmap197.tbsmap,0,0,1,4:5:4:6:3:6
./autobattle/genmap198.tbsmap,1,0,0,6:2:5:1:6:1
./autobattle/genmap199.tbsmap,0,1,0,4:2:6:2:6:3
./autobattle/genmap2.tbsmap,1,0,0,1:5:4:4:4:3
./autobattle/genmap20.tbsmap,1,0,0,5:6:1:2:2:2
./autobattle/genmap200.tbsmap,0,0,1,2:6:3:5:2:5
./autobattle/genmap201.tbsmap,1,0,0,1:2:2:4:1:4
./autobattle/genmap202.tbsmap,1,0,0,2:3:3:5:3:4
./autobattle/genmap203.tbsmap,1,0,0,5:4:4:3:3:3
./autobattle/genmap204.tbsmap,1,0,0,3:1:6:1:6:2
./autobattle/genmap205.tbsmap,0,0,1,5:6:1:1:2:1
./autobattle/genmap206.tbsmap,1,0,0,4:5:4:4:5:4
./autobattle/genmap207.tbsmap,1,0,0,3:6:5:5:5:6
./autobattle/genmap208.tbsmap,1,0,0,1:4:3:6:2:6
./autobattle/genmap209.tbsmap,0,0,1,5:1:5:3:5:4
./autobattle/genmap21.tbsmap,0,0,1,6:5:6:3:6:4
./autobattle/genmap210.tbsmap,1,0,0,2:6:4:3:4:4
./autobattle/genmap211.tbsmap,0,0,1,5:5:6:5:6:6
./autobattle/genmap212.tbsmap,1,0,0,6:4:6:4:5:4
./autobattle/genmap213.tbsmap,0,0,1,5:4:5:1:4:1
./autobattle/genmap214.tbsmap,0,0,1,5:5:5:2:5:3
./autobattle/genmap215.tbsmap,1,0,0,3:5:3:4:4:4
./autobattle/genmap216.tbsmap,1,0,0,4:4:2:1:1:1
./autobattle/genmap217.tbsmap,0,1,0,2:3:1:4:1:5
./autobattle/genmap218.tbsmap,0,1,0,2:2:3:4:4:4
./autobattle/genmap219.tbsmap,1,0,0,2:4:6:5:5:5
./autobattle/genmap22.tbsmap,0,0,1,6:6:2:6:1:6
./autobattle/genmap220.tbsmap,1,0,0,3:4:3:4:2:4
./autobattle/genmap221.tbsmap,1,0,0,2:1:2:1:1:1
./autobattle/genmap222.tbsmap,1,0,0,4:5:2:3:1:3
./autobattle/genmap223.tbsmap,0,0,1,1:4:3:5:3:6
./autobattle/genmap224.tbsmap,1,0,0,6:5:6:6:5:6
./autobattle/genmap225.tbsmap,1,0,0,2:4:1:1:2:1
./autobattle/genmap226.tbsmap,1,0,0,2:4:3:2:2:2
./autobattle/genmap227.tbsmap,1,0,0,1:1:1:5:1:6
./autobattle/genmap228.tbsmap,0,0,1,2:3:5:1:6:1
./autobattle/genmap229.tbsmap,0,1,0,4:1:5:3:5:4
./autobattle/genmap23.tbsmap,1,0,0,6:1:1:2:1:2
./autobattle/genmap230.tbsmap,1,0,0,2:6:6:6:5:6
./autobattle/genmap231.tbsmap,0,1,0,6:6:6:5:5:5
./autobattle/genmap232.tbsmap,1,0,0,3:6:3:2:4:2
./autobattle/genmap233.tbsmap,1,0,0,3:2:4:4:3:4
./autobattle/genmap234.tbsmap,0,1,0,1:5:1:4:1:3
./autobattle/genmap235.tbsmap,1,0,0,6:5:4:4:3:4
./autobattle/genmap236.tbsmap,0,0,1,2:1:5:2:6:2
./autobattle/genmap237.tbsmap,1,0,0,4:4:2:4:1:4
./autobattle/genmap238.tbsmap,1,0,0,4:2:5:3:5:4
./autobattle/genmap239.tbsmap,0,1,0,4:2:6:2:5:2
./autobattle/genmap24.tbsmap,0,0,1,3:2:3:2:4:2
./autobattle/genmap240.tbsmap,0,1,0,1:2:1:2:1:3
./autobattle/genmap241.tbsmap,1,0,0,1:6:6:4:6:5
./autobattle/genmap242.tbsmap,1,0,0,6:2:6:2:6:3
./autobattle/genmap243.tbsmap,0,1,0,2:3:4:3:3:3
./autobattle/genmap244.tbsmap,0,1,0,3:2:3:3:3:4
./autobattle/genmap245.tbsmap,1,0,0,4:6:4:3:4:4
./autobattle/genmap246.tbsmap,1,0,0,4:3:2:2:2:3
./autobattle/genmap247.tbsmap,1,0,0,6:6:2:3:1:3
./autobattle/genmap248.tbsmap,1,0,0,6:3:6:2:5:2
./autobattle/genmap249.tbsmap,0,1,0,5:2:6:3:5:3
./autobattle/genmap25.tbsmap,1,0,0,2:5:2:5:1:5
./autobattle/genmap250.tbsmap,0,1,0,2:2:4:2:4:1
./autobattle/genmap251.tbsmap,0,1,0,6:5:6:6:5:6
./autobattle/genmap252.tbsmap,1,0,0,1:6:4:3:3:3
./autobattle/genmap253.tbsmap,1,0,0,4:5:3:1:2:1
./autobattle/genmap254.tbsmap,1,0,0,3:3:3:6:3:5
./autobattle/genmap255.tbsmap,1,0,0,3:2:2:3:1:3
./autobattle/genmap256.tbsmap,1,0,0,3:5:4:5:5:5
./autobattle/genmap257.tbsmap,0,1,0,3:3:5:2:4:2
./autobattle/genmap258.tbsmap,0,1,0,6:6:1:4:1:5
./autobattle/genmap259.tbsmap,0,1,0,3:5:4:6:3:6
./autobattle/genmap26.tbsmap,1,0,0,4:3:5:5:4:5
./autobattle/genmap260.tbsmap,0,1,0,6:4:6:6:5:6
./autobattle/genmap261.tbsmap,1,0,0,5:1:3:3:2:3
./autobattle/genmap262.tbsmap,0,0,1,6:1:2:3:2:2
./autobattle/genmap263.tbsmap,0,1,0,3:3:5:5:4:5
./autobattle/genmap264.tbsmap,0,1,0,3:3:5:4:5:5
./autobattle/genmap265.tbsmap,1,0,0,1:3:1:3:2:3
./autobattle/genmap266.tbsmap,1,0,0,6:3:4:4:4:5
./autobattle/genmap267.tbsmap,1,0,0,3:5:1:4:1:3
./autobattle/genmap268.tbsmap,0,1,0,4:5:2:1:3:1
./autobattle/genmap269.tbsmap,1,0,0,3:4:2:4:1:4
./autobattle/genmap27.tbsmap,1,0,0,3:6:3:6:4:6
./autobattle/genmap270.tbsmap,0,1,0,3:1:4:3:3:3
./autobattle/genmap271.tbsmap,1,0,0,2:3:2:3:1:3
./autobattle/genmap272.tbsmap,1,0,0,6:1:6:2:6:3
./autobattle/genmap273.tbsmap,1,0,0,3:3:4:2:3:2
./autobattle/genmap274.tbsmap,1,0,0,2:1:2:5:1:5
./autobattle/genmap275.tbsmap,1,0,0,2:1:2:2:3:2
./autobattle/genmap276.tbsmap,1,0,0,3:2:2:3:1:3
./autobattle/genmap277.tbsmap,0,1,0,5:6:3:3:2:3
./autobattle/genmap278.tbsmap,0,1,0,1:3:2:3:3:3
./autobattle/genmap279.tbsmap,0,1,0,3:3:6:5:6:6
./autobattle/genmap28.tbsmap,1,0,0,4:6:6:1:6:2
./autobattle/genmap280.tbsmap,1,0,0,1:5:6:5:5:5
./autobattle/genmap281.tbsmap,0,1,0,2:6:4:4:5:4
./autobattle/genmap282.tbsmap,0,1,0,6:5:6:5:6:4
./autobattle/genmap283.tbsmap,1,0,0,2:6:6:2:6:3
./autobattle/genmap284.tbsmap,1,0,0,2:1:5:4:5:5
./autobattle/genmap285.tbsmap,0,0,1,6:2:5:2:4:2
./autobattle/genmap286.tbsmap,0,0,1,6:6:6:4:5:4
./autobattle/genmap287.tbsmap,1,0,0,6:4:2:5:1:5
./autobattle/genmap288.tbsmap,1,0,0,1:4:3:3:3:4
./autobattle/genmap289.tbsmap,0,1,0,3:2:5:5:6:5
./autobattle/genmap29.tbsmap,0,1,0,2:5:4:4:3:4
./autobattle/genmap290.tbsmap,1,0,0,1:4:2:6:1:6
./autobattle/genmap291.tbsmap,0,1,0,4:1:4:1:5:1
./autobattle/genmap292.tbsmap,0,0,1,6:4:3:3:3:2
./autobattle/genmap293.tbsmap,1,0,0,5:2:3:3:2:3
./autobattle/genmap294.tbsmap,1,0,0,1:1:6:4:6:5
./autobattle/genmap295.tbsmap,0,1,0,1:2:1:2:2:2
./autobattle/genmap296.tbsmap,0,1,0,3:1:4:4:3:4
./autobattle/genmap297.tbsmap,0,0,1,4:1:4:2:3:2
./autobattle/genmap298.tbsmap,1,0,0,4:2:3:3:3:4
./autobattle/genmap299.tbsmap,0,0,1,5:1:5:1:4:1
./autobattle/genmap3.tbsmap,1,0,0,6:3:5:4:5:5
./autobattle/genmap30.tbsmap,1,0,0,6:6:3:5:3:4
./autobattle/genmap300.tbsmap,1,0,0,3:2:3:2:3:1
./autobattle/genmap301.tbsmap,0,1,0,3:6:2:6:1:6
./autobattle/genmap302.tbsmap,1,0,0,1:4:3:5:2:5
./autobattle/genmap303.tbsmap,0,1,0,3:6:2:6:1:6
./autobattle/genmap304.tbsmap,1,0,0,1:3:1:3:1:4
./autobattle/genmap305.tbsmap,1,0,0,2:6:6:3:5:3
./autobattle/genmap306.tbsmap,1,0,0,3:6:4:5:4:4
./autobattle/genmap307.tbsmap,1,0,0,4:2:6:3:5:3
./autobattle/genmap308.tbsmap,0,0,1,6:3:6:4:5:4
./autobattle/genmap309.tbsmap,1,0,0,5:6:6:1:5:1
./autobattle/genmap31.tbsmap,0,0,1,2:4:5:3:6:3
./autobattle/genmap310.tbsmap,1,0,0,4:4:1:3:1:4
./autobattle/genmap311.tbsmap,1,0,0,3:3:5:5:6:5
./autobattle/genmap312.tbsmap,1,0,0,6:1:5:1:5:2
./autobattle/genmap313.tbsmap,1,0,0,2:3:5:6:4:6
./autobattle/genmap314.tbsmap,1,0,0,4:3:4:3:4:2
./autobattle/genmap315.tbsmap,0,1,0,6:1:6:1:5:1
./autobattle/genmap316.tbsmap,1,0,0,5:5:6:3:6:4
./autobattle/genmap317.tbsmap,1,0,0,2:2:5:6:4:6
./autobattle/genmap318.tbsmap,0,1,0,4:5:3:2:4:2
./autobattle/genmap319.tbsmap,1,0,0,4:5:4:4:3:4
./autobattle/genmap32.tbsmap,0,0,1,2:6:4:2:3:2
./autobattle/genmap320.tbsmap,1,0,0,4:3:6:4:6:5
./autobattle/genmap321.tbsmap,0,0,1,1:6:5:6:4:6
./autobattle/genmap322.tbsmap,1,0,0,1:1:2:2:1:2
./autobattle/genmap323.tbsmap,1,0,0,3:4:4:2:4:3
./autobattle/genmap324.tbsmap,0,0,1,6:1:3:3:2:3
./autobattle/genmap325.tbsmap,1,0,0,2:1:4:1:3:1
./autobattle/genmap326.tbsmap,0,0,1,5:1:6:2:6:3
./autobattle/genmap327.tbsmap,0,0,1,5:5:5:3:4:3
./autobattle/genmap328.tbsmap,1,0,0,3:6:2:5:1:5
./autobattle/genmap329.tbsmap,1,0,0,5:5:6:6:5:6
./autobattle/genmap33.tbsmap,0,1,0,6:6:5:4:4:4
./autobattle/genmap330.tbsmap,1,0,0,3:1:3:5:4:5
./autobattle/genmap331.tbsmap,0,1,0,3:2:6:5:5:5
./autobattle/genmap332.tbsmap,1,0,0,3:3:4:3:5:3
./autobattle/genmap333.tbsmap,1,0,0,5:5:1:4:1:3
./autobattle/genmap334.tbsmap,0,1,0,2:1:2:1:3:1
./autobattle/genmap335.tbsmap,0,1,0,6:5:6:5:5:5
./autobattle/genmap336.tbsmap,1,0,0,2:5:4:4:4:3
./autobattle/genmap337.tbsmap,1,0,0,4:5:5:3:6:3
./autobattle/genmap338.tbsmap,1,0,0,6:1:4:3:4:4
./autobattle/genmap339.tbsmap,0,0,1,1:3:3:5:2:5
./autobattle/genmap34.tbsmap,0,1,0,6:4:5:5:4:5
./autobattle/genmap340.tbsmap,1,0,0,4:5:2:4:2:3
./autobattle/genmap341.tbsmap,0,0,1,2:1:3:2:2:2
./autobattle/genmap342.tbsmap,1,0,0,4:5:3:3:3:4
./autobattle/genmap343.tbsmap,0,1,0,4:2:4:2:5:2
./autobattle/genmap344.tbsmap,0,0,1,3:4:4:3:3:3
./autobattle/genmap345.tbsmap,1,0,0,1:4:4:3:3:3
./autobattle/genmap346.tbsmap,0,1,0,5:2:6:1:5:1
./autobattle/genmap347.tbsmap,0,0,1,4:2:6:3:5:3
./autobattle/genmap348.tbsmap,0,1,0,2:3:2:3:1:3
./autobattle/genmap349.tbsmap,1,0,0,4:6:6:4:6:5
./autobattle/genmap35.tbsmap,0,1,0,5:4:4:6:3:6
./autobattle/genmap350.tbsmap,0,1,0,3:5:2:2:2:1
./autobattle/genmap351.tbsmap,1,0,0,2:1:5:4:4:4
./autobattle/genmap352.tbsmap,1,0,0,5:5:3:4:3:5
./autobattle/genmap353.tbsmap,0,0,1,4:5:4:2:3:2
./autobattle/genmap354.tbsmap,1,0,0,4:6:6:5:6:4
./autobattle/genmap355.tbsmap,1,0,0,6:3:6:1:6:2
./autobattle/genmap356.tbsmap,1,0,0,2:4:6:3:6:4
./autobattle/genmap357.tbsmap,1,0,0,3:3:2:4:1:4
./autobattle/genmap358.tbsmap,1,0,0,6:4:5:3:4:3
./autobattle/genmap359.tbsmap,0,1,0,4:4:5:1:4:1
./autobattle/genmap36.tbsmap,1,0,0,3:1:6:3:6:2
./autobattle/genmap360.tbsmap,1,0,0,1:4:1:4:1:3
./autobattle/genmap361.tbsmap,0,1,0,4:3:6:4:6:5
./autobattle/genmap362.tbsmap,1,0,0,5:3:3:3:2:3
./autobattle/genmap363.tbsmap,0,1,0,1:1:3:3:3:4
./autobattle/genmap364.tbsmap,1,0,0,3:4:4:4:4:5
./autobattle/genmap365.tbsmap,1,0,0,4:2:2:2:1:2
./autobattle/genmap366.tbsmap,1,0,0,5:6:5:3:5:2
./autobattle/genmap367.tbsmap,1,0,0,5:2:4:4:3:4
./autobattle/genmap368.tbsmap,1,0,0,1:6:1:4:1:3
./autobattle/genmap369.tbsmap,1,0,0,6:2:5:2:4:2
./autobattle/genmap37.tbsmap,0,1,0,5:4:4:5:4:6
./autobattle/genmap370.tbsmap,1,0,0,5:3:6:5:6:6
./autobattle/genmap371.tbsmap,1,0,0,1:6:1:6:1:5
./autobattle/genmap372.tbsmap,0,1,0,2:1:3:4:2:4
./autobattle/genmap373.tbsmap,0,1,0,4:5:2:2:1:2
./autobattle/genmap374.tbsmap,1,0,0,4:5:4:5:3:5
./autobattle/genmap375.tbsmap,1,0,0,6:1:6:2:6:3
./autobattle/genmap376.tbsmap,1,0,0,3:5:5:4:6:4
./autobattle/genmap377.tbsmap,0,0,1,1:3:5:5:5:6
./autobattle/genmap378.tbsmap,0,0,1,1:3:3:2:4:2
./autobattle/genmap379.tbsmap,0,0,1,5:4:3:1:2:1
./autobattle/genmap38.tbsmap,1,0,0,6:4:4:3:5:3
./autobattle/genmap380.tbsmap,0,1,0,6:6:1:4:1:3
./autobattle/genmap381.tbsmap,1,0,0,4:3:2:4:1:4
./autobattle/genmap382.tbsmap,1,0,0,6:1:6:4:5:4
./autobattle/genmap383.tbsmap,1,0,0,4:3:2:6:1:6
./autobattle/genmap384.tbsmap,1,0,0,4:4:2:2:1:2
./autobattle/genmap385.tbsmap,1,0,0,1:1:6:2:5:2
./autobattle/genmap386.tbsmap,1,0,0,4:6:3:4:4:4
./autobattle/genmap387.tbsmap,0,1,0,6:2:3:1:3:2
./autobattle/genmap388.tbsmap,1,0,0,4:3:6:1:5:1
./autobattle/genmap389.tbsmap,1,0,0,2:3:5:2:6:2
./autobattle/genmap39.tbsmap,1,0,0,4:4:2:6:1:6
./autobattle/genmap390.tbsmap,1,0,0,5:3:5:2:4:2
./autobattle/genmap391.tbsmap,0,1,0,5:3:4:2:4:1
./autobattle/genmap392.tbsmap,1,0,0,4:5:2:5:1:5
./autobattle/genmap393.tbsmap,1,0,0,1:3:6:5:6:6
./autobattle/genmap394.tbsmap,1,0,0,1:4:1:4:2:4
./autobattle/genmap395.tbsmap,1,0,0,1:6:5:3:4:3
./autobattle/genmap396.tbsmap,1,0,0,1:1:4:4:4:5
./autobattle/genmap397.tbsmap,1,0,0,3:1:5:1:6:1
./autobattle/genmap398.tbsmap,0,1,0,5:2:6:1:6:2
./autobattle/genmap399.tbsmap,0,0,1,2:6:1:4:2:4
./autobattle/genmap4.tbsmap,1,0,0,5:4:1:5:1:4
./autobattle/genmap40.tbsmap,1,0,0,1:1:4:2:4:1
./autobattle/genmap400.tbsmap,1,0,0,4:4:6:4:6:5
./autobattle/genmap401.tbsmap,1,0,0,2:4:3:1:4:1
./autobattle/genmap402.tbsmap,0,0,1,1:6:2:3:3:3
./autobattle/genmap403.tbsmap,0,1,0,4:6:2:3:2:2
./autobattle/genmap404.tbsmap,1,0,0,4:2:4:6:5:6
./autobattle/genmap405.tbsmap,0,0,1,1:6:1:4:1:3
./autobattle/genmap406.tbsmap,1,0,0,2:3:3:2:2:2
./autobattle/genmap407.tbsmap,0,1,0,4:2:2:1:1:1
./autobattle/genmap408.tbsmap,1,0,0,3:1:3:3:2:3
./autobattle/genmap409.tbsmap,1,0,0,3:1:3:5:4:5
./autobattle/genmap41.tbsmap,1,0,0,6:6:4:6:3:6
./autobattle/genmap410.tbsmap,1,0,0,2:1:4:2:3:2
./autobattle/genmap411.tbsmap,1,0,0,6:2:5:2:4:2
./autobattle/genmap412.tbsmap,1,0,0,4:3:4:4:3:4
./autobattle/genmap413.tbsmap,1,0,0,2:1:3:5:2:5
./autobattle/genmap414.tbsmap,0,1,0,5:4:6:2:6:1
./autobattle/genmap415.tbsmap,1,0,0,6:4:3:6:2:6
./autobattle/genmap416.tbsmap,0,1,0,4:5:2:5:1:5
./autobattle/genmap417.tbsmap,1,0,0,6:3:3:5:3:6
./autobattle/genmap418.tbsmap,1,0,0,6:2:1:1:1:2
./autobattle/genmap419.tbsmap,1,0,0,1:3:1:3:1:2
./autobattle/genmap42.tbsmap,1,0,0,5:4:2:3:1:3
./autobattle/genmap420.tbsmap,1,0,0,6:2:6:1:5:1
./autobattle/genmap421.tbsmap,1,0,0,4:2:6:3:5:3
./autobattle/genmap422.tbsmap,1,0,0,2:2:5:1:6:1
./autobattle/genmap423.tbsmap,1,0,0,2:2:4:3:3:3
./autobattle/genmap424.tbsmap,0,1,0,1:3:2:6:1:6
./autobattle/genmap425.tbsmap,1,0,0,1:1:1:1:1:2
./autobattle/genmap426.tbsmap,0,1,0,3:6:6:5:6:6
./autobattle/genmap427.tbsmap,0,1,0,3:2:3:3:2:3
./autobattle/genmap428.tbsmap,0,1,0,6:4:6:2:5:2
./autobattle/genmap429.tbsmap,1,0,0,1:2:2:2:2:3
./autobattle/genmap43.tbsmap,1,0,0,6:6:6:1:5:1
./autobattle/genmap430.tbsmap,1,0,0,4:5:5:4:5:3
./autobattle/genmap431.tbsmap,0,1,0,4:2:2:6:2:5
./autobattle/genmap432.tbsmap,1,0,0,2:3:5:2:5:1
./autobattle/genmap433.tbsmap,1,0,0,2:4:4:2:3:2
./autobattle/genmap434.tbsmap,0,1,0,1:3:2:4:3:4
./autobattle/genmap435.tbsmap,1,0,0,4:4:6:4:6:5
./autobattle/genmap436.tbsmap,1,0,0,1:5:3:5:3:6
./autobattle/genmap437.tbsmap,1,0,0,2:1:2:4:3:4
./autobattle/genmap438.tbsmap,0,1,0,4:4:4:5:3:5
./autobattle/genmap439.tbsmap,1,0,0,4:2:5:2:5:3
./autobattle/genmap44.tbsmap,1,0,0,5:6:2:2:1:2
./autobattle/genmap440.tbsmap,1,0,0,2:5:2:1:3:1
./autobattle/genmap441.tbsmap,1,0,0,1:6:3:2:4:2
./autobattle/genmap442.tbsmap,1,0,0,1:5:3:1:2:1
./autobattle/genmap443.tbsmap,1,0,0,1:4:3:3:3:2
./autobattle/genmap444.tbsmap,1,0,0,1:2:2:4:3:4
./autobattle/genmap445.tbsmap,1,0,0,3:4:4:2:3:2
./autobattle/genmap446.tbsmap,1,0,0,4:6:4:3:5:3
./autobattle/genmap447.tbsmap,1,0,0,3:3:4:1:3:1
./autobattle/genmap448.tbsmap,1,0,0,3:4:3:6:2:6
./autobattle/genmap449.tbsmap,0,1,0,5:1:4:3:4:4
./autobattle/genmap45.tbsmap,1,0,0,4:2:2:4:3:4
./autobattle/genmap450.tbsmap,1,0,0,3:6:5:3:6:3
./autobattle/genmap451.tbsmap,0,1,0,2:6:3:5:2:5
./autobattle/genmap452.tbsmap,0,1,0,2:1:2:1:3:1
./autobattle/genmap453.tbsmap,0,1,0,1:4:1:2:2:2
./autobattle/genmap454.tbsmap,1,0,0,2:6:6:4:6:3
./autobattle/genmap455.tbsmap,1,0,0,4:2:6:1:6:2
./autobattle/genmap456.tbsmap,0,1,0,4:4:6:3:5:3
./autobattle/genmap457.tbsmap,0,0,1,4:5:3:4:2:4
./autobattle/genmap458.tbsmap,0,0,1,4:2:4:2:4:1
./autobattle/genmap459.tbsmap,1,0,0,4:6:5:3:5:2
./autobattle/genmap46.tbsmap,1,0,0,4:5:4:3:4:2
./autobattle/genmap460.tbsmap,1,0,0,6:5:3:2:2:2
./autobattle/genmap461.tbsmap,1,0,0,3:3:5:2:6:2
./autobattle/genmap462.tbsmap,1,0,0,2:5:5:3:4:3
./autobattle/genmap463.tbsmap,0,1,0,4:5:2:4:1:4
./autobattle/genmap464.tbsmap,1,0,0,3:2:3:2:2:2
./autobattle/genmap465.tbsmap,0,1,0,4:2:6:3:6:4
./autobattle/genmap466.tbsmap,0,0,1,5:3:5:1:5:2
./autobattle/genmap467.tbsmap,1,0,0,2:2:5:6:4:6
./autobattle/genmap468.tbsmap,1,0,0,6:3:6:1:5:1
./autobattle/genmap469.tbsmap,1,0,0,4:4:2:2:2:3
./autobattle/genmap47.tbsmap,1,0,0,1:1:1:2:2:2
./autobattle/genmap470.tbsmap,1,0,0,6:2:5:3:5:4
./autobattle/genmap471.tbsmap,0,1,0,5:1:3:4:2:4
./autobattle/genmap472.tbsmap,1,0,0,4:3:3:4:3:5
./autobattle/genmap473.tbsmap,1,0,0,2:6:2:6:1:6
./autobattle/genmap474.tbsmap,0,0,1,1:6:5:4:4:4
./autobattle/genmap475.tbsmap,0,1,0,2:1:2:4:2:5
./autobattle/genmap476.tbsmap,1,0,0,3:4:2:1:1:1
./autobattle/genmap477.tbsmap,1,0,0,2:1:2:5:3:5
./autobattle/genmap478.tbsmap,1,0,0,2:3:2:3:2:2
./autobattle/genmap479.tbsmap,1,0,0,5:3:6:4:6:5
./autobattle/genmap48.tbsmap,0,1,0,1:4:4:3:4:4
./autobattle/genmap480.tbsmap,1,0,0,6:4:6:5:5:5
./autobattle/genmap481.tbsmap,1,0,0,3:6:3:5:2:5
./autobattle/genmap482.tbsmap,1,0,0,5:4:6:2:5:2
./autobattle/genmap483.tbsmap,1,0,0,6:5:4:5:3:5
./autobattle/genmap484.tbsmap,1,0,0,6:3:3:6:3:5
./autobattle/genmap485.tbsmap,0,1,0,3:4:3:4:4:4
./autobattle/genmap486.tbsmap,1,0,0,5:5:2:1:1:1
./autobattle/genmap487.tbsmap,1,0,0,1:5:6:6:5:6
./autobattle/genmap488.tbsmap,0,0,1,2:4:5:2:4:2
./autobattle/genmap489.tbsmap,0,0,1,2:3:4:3:4:2
./autobattle/genmap49.tbsmap,0,1,0,3:4:4:5:3:5
./autobattle/genmap490.tbsmap,1,0,0,2:1:2:2:1:2
./autobattle/genmap491.tbsmap,1,0,0,2:6:2:6:2:5
./autobattle/genmap492.tbsmap,0,1,0,1:4:5:4:6:4
./autobattle/genmap493.tbsmap,1,0,0,5:6:5:6:4:6
./autobattle/genmap494.tbsmap,1,0,0,3:6:5:5:6:5
./autobattle/genmap495.tbsmap,1,0,0,6:1:5:1:4:1
./autobattle/genmap496.tbsmap,1,0,0,2:2:2:4:2:5
./autobattle/genmap497.tbsmap,1,0,0,6:6:2:5:2:6
./autobattle/genmap498.tbsmap,1,0,0,3:4:2:3:1:3
./autobattle/genmap499.tbsmap,0,1,0,2:6:3:4:2:4
./autobattle/genmap5.tbsmap,1,0,0,4:2:4:4:3:4
./autobattle/genmap50.tbsmap,1,0,0,4:1:6:2:6:3
./autobattle/genmap500.tbsmap,1,0,0,4:2:1:2:1:1
./autobattle/genmap501.tbsmap,0,0,1,1:5:4:3:3:3
./autobattle/genmap502.tbsmap,1,0,0,1:3:3:3:3:4
./autobattle/genmap503.tbsmap,0,0,1,4:2:4:2:5:2
./autobattle/genmap504.tbsmap,0,1,0,4:6:2:6:1:6
./autobattle/genmap505.tbsmap,1,0,0,3:4:3:6:2:6
./autobattle/genmap506.tbsmap,1,0,0,4:5:5:1:4:1
./autobattle/genmap507.tbsmap,0,0,1,2:6:1:5:1:4
./autobattle/genmap508.tbsmap,1,0,0,2:6:3:4:3:3
./autobattle/genmap509.tbsmap,0,1,0,6:6:5:3:4:3
./autobattle/genmap51.tbsmap,1,0,0,3:4:5:1:6:1
./autobattle/genmap510.tbsmap,1,0,0,2:2:6:4:6:5
./autobattle/genmap511.tbsmap,1,0,0,1:6:2:3:2:2
./autobattle/genmap512.tbsmap,1,0,0,4:6:5:4:4:4
./autobattle/genmap513.tbsmap,1,0,0,3:4:2:5:1:5
./autobattle/genmap514.tbsmap,0,0,1,6:4:4:3:4:4
./autobattle/genmap515.tbsmap,0,1,0,5:4:3:5:3:6
./autobattle/genmap516.tbsmap,1,0,0,5:3:5:1:6:1
./autobattle/genmap517.tbsmap,0,0,1,2:1:4:1:5:1
./autobattle/genmap518.tbsmap,1,0,0,4:4:6:5:6:6
./autobattle/genmap519.tbsmap,1,0,0,5:3:2:4:1:4
./autobattle/genmap52.tbsmap,1,0,0,1:1:1:1:2:1
./autobattle/genmap520.tbsmap,1,0,0,2:3:3:2:2:2
./autobattle/genmap521.tbsmap,1,0,0,3:1:4:2:4:3
./autobattle/genmap522.tbsmap,1,0,0,6:3:3:4:2:4
./autobattle/genmap523.tbsmap,0,1,0,4:6:4:5:3:5
./autobattle/genmap524.tbsmap,0,1,0,4:3:3:5:3:6
./autobattle/genmap525.tbsmap,1,0,0,6:2:5:2:4:2
./autobattle/genmap526.tbsmap,1,0,0,6:3:6:1:6:2
./autobattle/genmap527.tbsmap,0,1,0,1:5:2:6:3:6
./autobattle/genmap528.tbsmap,1,0,0,4:4:2:3:1:3
./autobattle/genmap529.tbsmap,1,0,0,1:3:2:1:2:2
./autobattle/genmap53.tbsmap,0,0,1,5:6:4:6:3:6
./autobattle/genmap530.tbsmap,1,0,0,2:1:6:4:5:4
./autobattle/genmap531.tbsmap,0,1,0,2:4:2:1:1:1
./autobattle/genmap532.tbsmap,1,0,0,1:4:3:2:2:2
./autobattle/genmap533.tbsmap,1,0,0,4:3:1:2:1:1
./autobattle/genmap534.tbsmap,0,0,1,2:2:6:2:6:3
./autobattle/genmap535.tbsmap,1,0,0,6:5:4:2:3:2
./autobattle/genmap536.tbsmap,1,0,0,6:6:3:2:2:2
./autobattle/genmap537.tbsmap,1,0,0,2:3:5:4:5:5
./autobattle/genmap538.tbsmap,0,1,0,3:2:3:3:3:4
./autobattle/genmap539.tbsmap,0,1,0,5:4:3:4:2:4
./autobattle/genmap54.tbsmap,1,0,0,2:3:3:5:2:5
./autobattle/genmap540.tbsmap,0,0,1,3:2:5:3:5:2
./autobattle/genmap541.tbsmap,1,0,0,3:3:2:1:1:1
./autobattle/genmap542.tbsmap,0,0,1,6:1:5:3:4:3
./autobattle/genmap543.tbsmap,1,0,0,5:1:5:3:4:3
./autobattle/genmap544.tbsmap,0,1,0,2:4:6:3:6:2
./autobattle/genmap545.tbsmap,1,0,0,5:2:3:5:2:5
./autobattle/genmap546.tbsmap,1,0,0,2:4:4:4:4:5
./autobattle/genmap547.tbsmap,0,1,0,3:3:4:5:3:5
./autobattle/genmap548.tbsmap,0,1,0,3:4:4:6:5:6
./autobattle/genmap549.tbsmap,0,0,1,2:1:2:1:2:2
./autobattle/genmap55.tbsmap,1,0,0,6:2:6:4:6:5
./autobattle/genmap550.tbsmap,0,1,0,3:2:2:5:1:5
./autobattle/genmap551.tbsmap,1,0,0,5:2:4:5:3:5
./autobattle/genmap552.tbsmap,0,1,0,6:3:6:3:5:3
./autobattle/genmap553.tbsmap,0,0,1,6:1:4:1:3:1
./autobattle/genmap554.tbsmap,1,0,0,5:4:4:4:4:3
./autobattle/genmap555.tbsmap,0,1,0,1:5:3:3:2:3
./autobattle/genmap556.tbsmap,0,1,0,2:5:5:5:4:5
./autobattle/genmap557.tbsmap,1,0,0,6:6:6:6:5:6
./autobattle/genmap558.tbsmap,1,0,0,2:1:6:4:5:4
./autobattle/genmap559.tbsmap,1,0,0,2:3:5:6:6:6
./autobattle/genmap56.tbsmap,1,0,0,2:3:3:6:2:6
./autobattle/genmap560.tbsmap,1,0,0,2:1:5:1:5:2
./autobattle/genmap561.tbsmap,0,1,0,2:4:4:2:3:2
./autobattle/genmap562.tbsmap,0,1,0,5:2:5:1:4:1
./autobattle/genmap563.tbsmap,0,0,1,6:4:6:4:6:5
./autobattle/genmap564.tbsmap,0,1,0,2:1:6:2:5:2
./autobattle/genmap565.tbsmap,0,1,0,2:4:2:4:1:4
./autobattle/genmap566.tbsmap,1,0,0,3:3:5:4:4:4
./autobattle/genmap567.tbsmap,0,0,1,6:6:5:5:6:5
./autobattle/genmap568.tbsmap,1,0,0,4:6:4:6:5:6
./autobattle/genmap569.tbsmap,1,0,0,4:3:2:1:3:1
./autobattle/genmap57.tbsmap,0,1,0,2:2:6:2:5:2
./autobattle/genmap570.tbsmap,0,1,0,5:3:5:6:4:6
./autobattle/genmap571.tbsmap,1,0,0,2:2:2:4:2:5
./autobattle/genmap572.tbsmap,1,0,0,3:2:3:1:2:1
./autobattle/genmap573.tbsmap,0,1,0,2:5:1:2:1:1
./autobattle/genmap574.tbsmap,1,0,0,2:4:4:6:3:6
./autobattle/genmap575.tbsmap,0,1,0,1:6:4:5:4:4
./autobattle/genmap576.tbsmap,0,1,0,6:2:4:3:3:3
./autobattle/genmap577.tbsmap,1,0,0,4:2:3:1:4:1
./autobattle/genmap578.tbsmap,0,1,0,3:4:3:5:3:6
./autobattle/genmap579.tbsmap,0,1,0,2:4:2:1:1:1
./autobattle/genmap58.tbsmap,1,0,0,1:1:1:5:1:6
./autobattle/genmap580.tbsmap,1,0,0,2:4:2:6:3:6
./autobattle/genmap581.tbsmap,1,0,0,3:1:5:3:5:4
./autobattle/genmap582.tbsmap,0,0,1,2:2:3:4:2:4
./autobattle/genmap583.tbsmap,0,0,1,6:4:6:4:5:4
./autobattle/genmap584.tbsmap,1,0,0,1:2:4:1:5:1
./autobattle/genmap585.tbsmap,0,1,0,3:6:3:6:3:5
./autobattle/genmap586.tbsmap,1,0,0,5:6:6:2:5:2
./autobattle/genmap587.tbsmap,1,0,0,2:6:3:4:4:4
./autobattle/genmap588.tbsmap,1,0,0,2:2:1:5:1:6
./autobattle/genmap589.tbsmap,0,1,0,1:2:3:1:3:2
./autobattle/genmap59.tbsmap,0,0,1,3:5:5:5:4:5
./autobattle/genmap590.tbsmap,1,0,0,5:5:5:3:6:3
./autobattle/genmap591.tbsmap,1,0,0,6:3:4:3:3:3
./autobattle/genmap592.tbsmap,0,0,1,4:1:6:3:5:3
./autobattle/genmap593.tbsmap,1,0,0,2:4:6:3:6:4
./autobattle/genmap594.tbsmap,1,0,0,4:4:4:3:3:3
./autobattle/genmap595.tbsmap,0,1,0,5:5:4:6:3:6
./autobattle/genmap596.tbsmap,1,0,0,4:4:4:4:3:4
./autobattle/genmap597.tbsmap,0,1,0,1:3:2:5:1:5
./autobattle/genmap598.tbsmap,0,0,1,6:4:4:3:4:4
./autobattle/genmap599.tbsmap,0,1,0,6:3:5:2:6:2
./autobattle/genmap6.tbsmap,0,1,0,1:2:1:4:1:5
./autobattle/genmap60.tbsmap,1,0,0,4:3:1:2:1:3
./autobattle/genmap600.tbsmap,0,1,0,1:6:1:2:1:1
./autobattle/genmap601.tbsmap,1,0,0,6:3:4:5:3:5
./autobattle/genmap602.tbsmap,1,0,0,4:6:5:5:6:5
./autobattle/genmap603.tbsmap,1,0,0,4:5:2:3:1:3
./autobattle/genmap604.tbsmap,0,0,1,4:3:5:3:6:3
./autobattle/genmap605.tbsmap,1,0,0,1:3:3:5:2:5
./autobattle/genmap606.tbsmap,0,1,0,4:3:3:5:2:5
./autobattle/genmap607.tbsmap,0,1,0,5:6:2:2:1:2
./autobattle/genmap608.tbsmap,0,1,0,1:2:4:3:4:4
./autobattle/genmap609.tbsmap,1,0,0,3:2:5:5:5:6
./autobattle/genmap61.tbsmap,1,0,0,6:2:4:3:3:3
./autobattle/genmap610.tbsmap,0,0,1,2:2:5:2:4:2
./autobattle/genmap611.tbsmap,0,1,0,2:3:2:3:3:3
./autobattle/genmap612.tbsmap,0,1,0,4:3:4:3:5:3
./autobattle/genmap613.tbsmap,1,0,0,6:5:4:2:3:2
./autobattle/genmap614.tbsmap,1,0,0,5:5:5:5:4:5
./autobattle/genmap615.tbsmap,1,0,0,2:4:6:2:6:1
./autobattle/genmap616.tbsmap,1,0,0,4:2:4:2:3:2
./autobattle/genmap617.tbsmap,1,0,0,5:1:2:1:2:2
./autobattle/genmap618.tbsmap,0,1,0,3:1:4:2:3:2
./autobattle/genmap619.tbsmap,0,0,1,4:3:3:2:2:2
./autobattle/genmap62.tbsmap,1,0,0,2:2:4:4:5:4
./autobattle/genmap620.tbsmap,1,0,0,2:2:2:4:1:4
./autobattle/genmap621.tbsmap,1,0,0,2:5:3:5:4:5
./autobattle/genmap622.tbsmap,1,0,0,6:2:5:3:4:3
./autobattle/genmap623.tbsmap,1,0,0,2:3:3:2:2:2
./autobattle/genmap624.tbsmap,0,1,0,5:5:4:3:3:3
./autobattle/genmap625.tbsmap,1,0,0,5:3:4:4:3:4
./autobattle/genmap626.tbsmap,1,0,0,3:6:3:6:2:6
./autobattle/genmap627.tbsmap,1,0,0,4:4:4:4:4:5
./autobattle/genmap628.tbsmap,0,1,0,4:6:4:5:3:5
./autobattle/genmap629.tbsmap,0,1,0,5:4:2:2:2:3
./autobattle/genmap63.tbsmap,1,0,0,5:4:3:5:2:5
./autobattle/genmap630.tbsmap,1,0,0,1:4:3:1:3:2
./autobattle/genmap631.tbsmap,1,0,0,3:1:4:4:4:5
./autobattle/genmap632.tbsmap,1,0,0,1:5:1:5:2:5
./autobattle/genmap633.tbsmap,0,1,0,6:2:5:3:4:3
./autobattle/genmap634.tbsmap,1,0,0,5:3:4:5:3:5
./autobattle/genmap635.tbsmap,0,0,1,3:3:3:3:4:3
./autobattle/genmap636.tbsmap,0,1,0,1:3:2:1:1:1
./autobattle/genmap637.tbsmap,0,0,1,4:2:4:1:3:1
./autobattle/genmap638.tbsmap,0,1,0,6:5:1:5:1:4
./autobattle/genmap639.tbsmap,0,0,1,2:2:2:3:1:3
./autobattle/genmap64.tbsmap,0,1,0,3:1:2:3:1:3
./autobattle/genmap640.tbsmap,1,0,0,2:5:3:3:4:3
./autobattle/genmap641.tbsmap,1,0,0,3:5:5:5:5:4
./autobattle/genmap642.tbsmap,0,1,0,6:2:6:2:6:1
./autobattle/genmap643.tbsmap,1,0,0,5:6:6:2:5:2
./autobattle/genmap644.tbsmap,1,0,0,6:5:4:4:4:5
./autobattle/genmap645.tbsmap,0,1,0,4:2:4:2:4:1
./autobattle/genmap646.tbsmap,0,1,0,2:3:2:6:1:6
./autobattle/genmap647.tbsmap,1,0,0,1:5:2:4:2:3
./autobattle/genmap648.tbsmap,1,0,0,6:1:6:3:5:3
./autobattle/genmap649.tbsmap,1,0,0,6:5:5:4:6:4
./autobattle/genmap65.tbsmap,1,0,0,2:4:2:4:3:4
./autobattle/genmap650.tbsmap,1,0,0,6:6:3:4:2:4
./autobattle/genmap651.tbsmap,1,0,0,6:2:5:4:5:5
./autobattle/genmap652.tbsmap,1,0,0,4:5:6:2:5:2
./autobattle/genmap653.tbsmap,0,1,0,4:2:3:2:2:2
./autobattle/genmap654.tbsmap,0,0,1,5:3:5:2:6:2
./autobattle/genmap655.tbsmap,1,0,0,4:3:6:3:6:2
./autobattle/genmap656.tbsmap,1,0,0,4:1:4:2:5:2
./autobattle/genmap657.tbsmap,0,0,1,1:2:2:3:3:3
./autobattle/genmap658.tbsmap,1,0,0,5:5:5:4:5:3
./autobattle/genmap659.tbsmap,0,0,1,5:3:4:1:3:1
./autobattle/genmap66.tbsmap,1,0,0,3:3:2:4:2:5
./autobattle/genmap660.tbsmap,1,0,0,5:5:5:3:5:2
./autobattle/genmap661.tbsmap,0,0,1,4:3:5:2:4:2
./autobattle/genmap662.tbsmap,1,0,0,3:5:2:2:1:2
./autobattle/genmap663.tbsmap,1,0,0,4:6:2:3:2:2
./autobattle/genmap664.tbsmap,1,0,0,6:6:6:2:6:3
./autobattle/genmap665.tbsmap,0,1,0,2:2:4:1:5:1
./autobattle/genmap666.tbsmap,0,1,0,4:5:3:2:2:2
./autobattle/genmap667.tbsmap,1,0,0,5:4:4:3:3:3
./autobattle/genmap668.tbsmap,1,0,0,4:1:3:3:4:3
./autobattle/genmap669.tbsmap,1,0,0,5:5:5:5:6:5
./autobattle/genmap67.tbsmap,0,1,0,1:6:2:3:3:3
./autobattle/genmap670.tbsmap,1,0,0,5:2:5:1:6:1
./autobattle/genmap671.tbsmap,1,0,0,6:4:6:2:6:1
./autobattle/genmap672.tbsmap,0,1,0,5:5:2:2:2:1
./autobattle/genmap673.tbsmap,0,1,0,1:2:3:2:3:3
./autobattle/genmap674.tbsmap,1,0,0,6:2:5:1:4:1
./autobattle/genmap675.tbsmap,0,0,1,1:6:2:5:2:4
./autobattle/genmap676.tbsmap,1,0,0,1:3:2:2:2:1
./autobattle/genmap677.tbsmap,1,0,0,2:4:6:5:5:5
./autobattle/genmap678.tbsmap,1,0,0,2:1:2:1:2:2
./autobattle/genmap679.tbsmap,0,1,0,3:1:5:1:4:1
./autobattle/genmap68.tbsmap,1,0,0,5:3:6:5:6:6
./autobattle/genmap680.tbsmap,1,0,0,5:3:5:3:4:3
./autobattle/genmap681.tbsmap,1,0,0,6:5:4:3:4:4
./autobattle/genmap682.tbsmap,0,1,0,4:6:6:5:5:5
./autobattle/genmap683.tbsmap,1,0,0,2:1:4:3:4:4
./autobattle/genmap684.tbsmap,1,0,0,1:1:2:4:1:4
./autobattle/genmap685.tbsmap,1,0,0,1:4:4:4:5:4
./autobattle/genmap686.tbsmap,1,0,0,3:6:3:6:3:5
./autobattle/genmap687.tbsmap,0,0,1,5:6:6:4:5:4
./autobattle/genmap688.tbsmap,1,0,0,6:2:6:1:5:1
./autobattle/genmap689.tbsmap,1,0,0,4:5:5:4:4:4
./autobattle/genmap69.tbsmap,0,0,1,5:1:2:5:2:6
./autobattle/genmap690.tbsmap,0,1,0,3:6:1:3:1:2
./autobattle/genmap691.tbsmap,0,1,0,3:5:2:4:3:4
./autobattle/genmap692.tbsmap,0,1,0,3:1:1:3:2:3
./autobattle/genmap693.tbsmap,0,1,0,6:3:4:1:5:1
./autobattle/genmap694.tbsmap,1,0,0,4:6:3:5:2:5
./autobattle/genmap695.tbsmap,1,0,0,3:3:4:3:4:4
./autobattle/genmap696.tbsmap,1,0,0,1:1:1:5:2:5
./autobattle/genmap697.tbsmap,1,0,0,5:4:5:4:4:4
./autobattle/genmap698.tbsmap,1,0,0,4:4:2:5:1:5
./autobattle/genmap699.tbsmap,1,0,0,5:6:2:5:2:4
./autobattle/genmap7.tbsmap,1,0,0,2:5:5:4:6:4
./autobattle/genmap70.tbsmap,1,0,0,3:3:3:3:2:3
./autobattle/genmap700.tbsmap,0,1,0,6:2:6:1:5:1
./autobattle/genmap701.tbsmap,0,1,0,5:5:5:4:6:4
./autobattle/genmap702.tbsmap,1,0,0,1:1:1:2:1:3
./autobattle/genmap703.tbsmap,1,0,0,6:6:3:5:3:4
./autobattle/genmap704.tbsmap,0,1,0,5:2:6:2:6:3
./autobattle/genmap705.tbsmap,1,0,0,2:6:2:4:1:4
./autobattle/genmap706.tbsmap,1,0,0,4:3:5:2:6:2
./autobattle/genmap707.tbsmap,1,0,0,2:4:1:3:1:2
./autobattle/genmap708.tbsmap,0,0,1,6:6:5:1:4:1
./autobattle/genmap709.tbsmap,1,0,0,4:5:4:5:5:5
./autobattle/genmap71.tbsmap,0,1,0,2:1:4:2:3:2
./autobattle/genmap710.tbsmap,1,0,0,6:2:5:6:4:6
./autobattle/genmap711.tbsmap,1,0,0,5:1:3:1:3:2
./autobattle/genmap712.tbsmap,1,0,0,2:1:5:3:5:4
./autobattle/genmap713.tbsmap,1,0,0,1:4:1:5:1:6
./autobattle/genmap714.tbsmap,1,0,0,1:6:3:2:2:2
./autobattle/genmap715.tbsmap,0,1,0,3:5:1:3:2:3
./autobattle/genmap716.tbsmap,1,0,0,2:6:6:5:6:4
./autobattle/genmap717.tbsmap,0,1,0,1:5:1:5:1:6
./autobattle/genmap718.tbsmap,1,0,0,2:3:1:6:1:5
./autobattle/genmap719.tbsmap,1,0,0,4:3:6:4:6:3
./autobattle/genmap72.tbsmap,1,0,0,3:2:5:5:4:5
./autobattle/genmap720.tbsmap,1,0,0,6:5:4:6:4:5
./autobattle/genmap721.tbsmap,0,0,1,4:6:5:5:6:5
./autobattle/genmap722.tbsmap,1,0,0,5:5:5:2:6:2
./autobattle/genmap723.tbsmap,0,0,1,4:6:4:3:3:3
./autobattle/genmap724.tbsmap,1,0,0,6:4:3:5:2:5
./autobattle/genmap725.tbsmap,1,0,0,5:4:6:2:5:2
./autobattle/genmap726.tbsmap,1,0,0,2:3:5:5:6:5
./autobattle/genmap727.tbsmap,0,1,0,1:3:5:3:5:4
./autobattle/genmap728.tbsmap,0,1,0,2:4:3:3:2:3
./autobattle/genmap729.tbsmap,1,0,0,5:4:5:2:5:3
./autobattle/genmap73.tbsmap,1,0,0,1:6:3:5:3:6
./autobattle/genmap730.tbsmap,0,1,0,6:1:4:1:3:1
./autobattle/genmap731.tbsmap,1,0,0,4:3:2:2:3:2
./autobattle/genmap732.tbsmap,1,0,0,3:6:3:3:2:3
./autobattle/genmap733.tbsmap,1,0,0,5:5:3:3:4:3
./autobattle/genmap734.tbsmap,1,0,0,4:1:2:3:2:4
./autobattle/genmap735.tbsmap,0,1,0,3:2:5:4:4:4
./autobattle/genmap736.tbsmap,1,0,0,6:2:6:2:5:2
./autobattle/genmap737.tbsmap,0,1,0,1:4:4:5:5:5
./autobattle/genmap738.tbsmap,0,1,0,6:4:6:4:6:3
./autobattle/genmap739.tbsmap,1,0,0,4:5:3:3:2:3
./autobattle/genmap74.tbsmap,1,0,0,2:2:2:1:3:1
./autobattle/genmap740.tbsmap,0,1,0,2:6:2:6:2:5
./autobattle/genmap741.tbsmap,1,0,0,2:4:2:4:3:4
./autobattle/genmap742.tbsmap,0,0,1,3:4:6:3:6:4
./autobattle/genmap743.tbsmap,1,0,0,1:5:2:2:2:3
./autobattle/genmap744.tbsmap,1,0,0,3:6:5:3:5:4
./autobattle/genmap745.tbsmap,0,1,0,1:6:2:4:2:5
./autobattle/genmap746.tbsmap,1,0,0,4:2:3:3:3:4
./autobattle/genmap747.tbsmap,1,0,0,2:2:6:4:5:4
./autobattle/genmap748.tbsmap,0,1,0,6:5:4:1:5:1
./autobattle/genmap749.tbsmap,0,0,1,5:1:5:2:4:2
./autobattle/genmap75.tbsmap,0,1,0,1:5:1:5:2:5
./autobattle/genmap750.tbsmap,1,0,0,4:2:5:4:4:4
./autobattle/genmap751.tbsmap,0,1,0,3:2:6:2:6:1
./autobattle/genmap752.tbsmap,1,0,0,4:6:4:5:3:5
./autobattle/genmap753.tbsmap,1,0,0,5:1:5:5:5:6
./autobattle/genmap754.tbsmap,1,0,0,4:4:2:2:1:2
./autobattle/genmap755.tbsmap,1,0,0,3:5:3:5:2:5
./autobattle/genmap756.tbsmap,0,1,0,3:2:1:3:1:2
./autobattle/genmap757.tbsmap,1,0,0,1:6:1:3:1:2
./autobattle/genmap758.tbsmap,1,0,0,3:4:3:6:2:6
./autobattle/genmap759.tbsmap,1,0,0,3:6:4:6:5:6
./autobattle/genmap76.tbsmap,1,0,0,4:6:4:4:4:3
./autobattle/genmap760.tbsmap,1,0,0,2:3:5:3:4:3
./autobattle/genmap761.tbsmap,0,1,0,1:1:3:3:3:2
./autobattle/genmap762.tbsmap,1,0,0,6:6:5:5:5:4
./autobattle/genmap763.tbsmap,1,0,0,1:3:4:3:4:4
./autobattle/genmap764.tbsmap,0,1,0,2:2:4:2:3:2
./autobattle/genmap765.tbsmap,1,0,0,1:1:4:1:5:1
./autobattle/genmap766.tbsmap,0,1,0,6:6:6:2:5:2
./autobattle/genmap767.tbsmap,0,1,0,1:4:4:5:4:4
./autobattle/genmap768.tbsmap,1,0,0,2:1:5:1:6:1
./autobattle/genmap769.tbsmap,1,0,0,1:3:6:2:6:3
./autobattle/genmap77.tbsmap,1,0,0,3:1:3:3:2:3
./autobattle/genmap770.tbsmap,1,0,0,1:2:2:2:2:1
./autobattle/genmap771.tbsmap,1,0,0,6:4:6:5:5:5
./autobattle/genmap772.tbsmap,1,0,0,1:1:4:6:5:6
./autobattle/genmap773.tbsmap,1,0,0,2:5:1:3:1:2
./autobattle/genmap774.tbsmap,1,0,0,3:3:6:5:6:4
./autobattle/genmap775.tbsmap,0,0,1,3:2:2:4:1:4
./autobattle/genmap776.tbsmap,1,0,0,6:5:3:4:2:4
./autobattle/genmap777.tbsmap,1,0,0,2:5:5:2:6:2
./autobattle/genmap778.tbsmap,1,0,0,6:6:4:4:3:4
./autobattle/genmap779.tbsmap,1,0,0,2:2:2:5:2:6
./autobattle/genmap78.tbsmap,0,1,0,4:5:2:3:3:3
./autobattle/genmap780.tbsmap,0,1,0,6:5:6:2:5:2
./autobattle/genmap781.tbsmap,1,0,0,6:4:4:4:3:4
./autobattle/genmap782.tbsmap,1,0,0,4:5:4:5:4:4
./autobattle/genmap783.tbsmap,0,1,0,5:1:2:2:2:1
./autobattle/genmap784.tbsmap,1,0,0,1:1:3:3:2:3
./autobattle/genmap785.tbsmap,1,0,0,5:6:4:5:3:5
./autobattle/genmap786.tbsmap,1,0,0,4:4:4:3:3:3
./autobattle/genmap787.tbsmap,0,1,0,4:1:2:3:1:3
./autobattle/genmap788.tbsmap,1,0,0,3:5:6:3:5:3
./autobattle/genmap789.tbsmap,0,0,1,3:6:4:6:4:5
./autobattle/genmap79.tbsmap,1,0,0,4:5:4:1:5:1
./autobattle/genmap790.tbsmap,0,0,1,1:2:4:1:3:1
./autobattle/genmap791.tbsmap,1,0,0,2:2:3:5:2:5
./autobattle/genmap792.tbsmap,1,0,0,3:3:4:4:5:4
./autobattle/genmap793.tbsmap,1,0,0,4:4:2:5:1:5
./autobattle/genmap794.tbsmap,0,0,1,4:4:5:5:4:5
./autobattle/genmap795.tbsmap,0,1,0,3:6:2:5:1:5
./autobattle/genmap796.tbsmap,0,0,1,1:2:3:3:3:4
./autobattle/genmap797.tbsmap,1,0,0,4:2:4:3:3:3
./autobattle/genmap798.tbsmap,1,0,0,4:3:2:4:1:4
./autobattle/genmap799.tbsmap,0,0,1,2:4:5:5:6:5
./autobattle/genmap8.tbsmap,1,0,0,1:4:2:6:1:6
./autobattle/genmap80.tbsmap,1,0,0,5:4:6:3:6:4
./autobattle/genmap800.tbsmap,0,0,1,6:2:6:3:5:3
./autobattle/genmap801.tbsmap,1,0,0,3:3:4:2:3:2
./autobattle/genmap802.tbsmap,1,0,0,4:2:6:5:5:5
./autobattle/genmap803.tbsmap,1,0,0,1:1:2:3:3:3
./autobattle/genmap804.tbsmap,1,0,0,3:3:6:2:6:3
./autobattle/genmap805.tbsmap,1,0,0,5:3:3:3:2:3
./autobattle/genmap806.tbsmap,0,1,0,6:4:5:4:5:3
./autobattle/genmap807.tbsmap,0,0,1,4:4:2:3:1:3
./autobattle/genmap808.tbsmap,0,1,0,2:6:1:5:1:4
./autobattle/genmap809.tbsmap,1,0,0,5:1:5:3:4:3
./autobattle/genmap81.tbsmap,1,0,0,2:6:3:5:2:5
./autobattle/genmap810.tbsmap,1,0,0,2:6:4:4:4:5
./autobattle/genmap811.tbsmap,1,0,0,4:3:5:2:5:3
./autobattle/genmap812.tbsmap,0,1,0,4:5:3:1:2:1
./autobattle/genmap813.tbsmap,0,1,0,4:1:5:1:6:1
./autobattle/genmap814.tbsmap,1,0,0,5:3:2:3:1:3
./autobattle/genmap815.tbsmap,1,0,0,3:3:2:2:2:1
./autobattle/genmap816.tbsmap,1,0,0,4:3:4:1:5:1
./autobattle/genmap817.tbsmap,1,0,0,2:2:2:4:2:5
./autobattle/genmap818.tbsmap,1,0,0,3:4:6:4:6:5
./autobattle/genmap819.tbsmap,1,0,0,4:6:3:5:2:5
./autobattle/genmap82.tbsmap,1,0,0,6:4:5:3:6:3
./autobattle/genmap820.tbsmap,1,0,0,4:3:6:2:6:3
./autobattle/genmap821.tbsmap,1,0,0,5:6:6:4:6:5
./autobattle/genmap822.tbsmap,1,0,0,1:2:4:1:4:2
./autobattle/genmap823.tbsmap,1,0,0,4:6:5:4:5:5
./autobattle/genmap824.tbsmap,0,1,0,6:4:6:2:6:1
./autobattle/genmap825.tbsmap,1,0,0,6:4:6:2:5:2
./autobattle/genmap826.tbsmap,0,1,0,6:5:2:5:1:5
./autobattle/genmap827.tbsmap,1,0,0,5:2:3:6:2:6
./autobattle/genmap828.tbsmap,1,0,0,4:4:4:4:4:3
./autobattle/genmap829.tbsmap,1,0,0,6:6:4:3:4:2
./autobattle/genmap83.tbsmap,1,0,0,2:5:5:5:6:5
./autobattle/genmap830.tbsmap,1,0,0,2:5:2:1:1:1
./autobattle/genmap831.tbsmap,1,0,0,4:3:4:2:5:2
./autobattle/genmap832.tbsmap,0,1,0,4:4:3:1:2:1
./autobattle/genmap833.tbsmap,1,0,0,3:3:3:6:2:6
./autobattle/genmap834.tbsmap,1,0,0,4:6:6:2:6:3
./autobattle/genmap835.tbsmap,1,0,0,6:2:5:2:5:3
./autobattle/genmap836.tbsmap,0,1,0,2:2:2:1:1:1
./autobattle/genmap837.tbsmap,1,0,0,3:2:2:5:1:5
./autobattle/genmap838.tbsmap,1,0,0,3:3:4:1:3:1
./autobattle/genmap839.tbsmap,1,0,0,4:1:6:3:6:4
./autobattle/genmap84.tbsmap,0,1,0,4:4:4:2:5:2
./autobattle/genmap840.tbsmap,0,0,1,3:1:6:1:5:1
./autobattle/genmap841.tbsmap,1,0,0,2:5:1:2:1:1
./autobattle/genmap842.tbsmap,0,1,0,6:6:6:1:5:1
./autobattle/genmap843.tbsmap,1,0,0,4:6:5:2:5:3
./autobattle/genmap844.tbsmap,0,0,1,5:2:6:4:6:5
./autobattle/genmap845.tbsmap,0,1,0,3:6:4:6:4:5
./autobattle/genmap846.tbsmap,1,0,0,4:1:6:5:6:6
./autobattle/genmap847.tbsmap,0,1,0,1:2:1:2:1:1
./autobattle/genmap848.tbsmap,1,0,0,3:6:2:3:1:3
./autobattle/genmap849.tbsmap,1,0,0,1:5:2:4:3:4
./autobattle/genmap85.tbsmap,1,0,0,5:4:5:4:4:4
./autobattle/genmap850.tbsmap,1,0,0,3:4:4:6:5:6
./autobattle/genmap851.tbsmap,1,0,0,4:4:6:6:5:6
./autobattle/genmap852.tbsmap,1,0,0,5:4:5:4:5:3
./autobattle/genmap853.tbsmap,1,0,0,5:4:5:5:4:5
./autobattle/genmap854.tbsmap,1,0,0,1:3:3:2:3:3
./autobattle/genmap855.tbsmap,1,0,0,2:1:4:2:4:3
./autobattle/genmap856.tbsmap,1,0,0,3:6:4:5:4:6
./autobattle/genmap857.tbsmap,0,0,1,2:4:6:3:5:3
./autobattle/genmap858.tbsmap,1,0,0,2:5:2:5:2:6
./autobattle/genmap859.tbsmap,0,1,0,6:2:5:1:6:1
./autobattle/genmap86.tbsmap,0,1,0,2:4:2:4:2:5
./autobattle/genmap860.tbsmap,0,1,0,4:6:3:1:3:2
./autobattle/genmap861.tbsmap,0,0,1,3:3:5:2:6:2
./autobattle/genmap862.tbsmap,1,0,0,3:4:5:3:6:3
./autobattle/genmap863.tbsmap,1,0,0,6:1:5:6:6:6
./autobattle/genmap864.tbsmap,1,0,0,4:2:1:1:2:1
./autobattle/genmap865.tbsmap,0,1,0,4:3:4:4:3:4
./autobattle/genmap866.tbsmap,1,0,0,2:5:4:1:5:1
./autobattle/genmap867.tbsmap,1,0,0,3:6:5:4:5:3
./autobattle/genmap868.tbsmap,1,0,0,1:4:4:5:4:4
./autobattle/genmap869.tbsmap,0,0,1,1:4:3:4:3:5
./autobattle/genmap87.tbsmap,1,0,0,5:4:5:5:5:6
./autobattle/genmap870.tbsmap,0,1,0,5:1:5:1:4:1
./autobattle/genmap871.tbsmap,1,0,0,5:3:5:4:4:4
./autobattle/genmap872.tbsmap,1,0,0,6:4:3:1:4:1
./autobattle/genmap873.tbsmap,1,0,0,5:3:6:5:6:6
./autobattle/genmap874.tbsmap,1,0,0,4:2:4:5:3:5
./autobattle/genmap875.tbsmap,0,1,0,1:1:3:1:4:1
./autobattle/genmap876.tbsmap,0,1,0,5:6:4:5:3:5
./autobattle/genmap877.tbsmap,0,0,1,1:5:6:1:5:1
./autobattle/genmap878.tbsmap,1,0,0,2:2:4:2:5:2
./autobattle/genmap879.tbsmap,0,1,0,6:2:3:3:2:3
./autobattle/genmap88.tbsmap,1,0,0,5:2:6:4:5:4
./autobattle/genmap880.tbsmap,1,0,0,3:2:5:1:6:1
./autobattle/genmap881.tbsmap,0,0,1,2:4:3:2:2:2
./autobattle/genmap882.tbsmap,0,0,1,6:6:5:5:6:5
./autobattle/genmap883.tbsmap,1,0,0,1:2:2:2:2:3
./autobattle/genmap884.tbsmap,1,0,0,6:4:4:4:3:4
./autobattle/genmap885.tbsmap,1,0,0,4:1:5:3:6:3
./autobattle/genmap886.tbsmap,0,1,0,5:2:3:1:4:1
./autobattle/genmap887.tbsmap,0,1,0,2:1:4:2:3:2
./autobattle/genmap888.tbsmap,0,0,1,6:1:6:1:6:2
./autobattle/genmap889.tbsmap,0,1,0,4:3:5:3:5:2
./autobattle/genmap89.tbsmap,0,1,0,3:1:1:2:1:2
./autobattle/genmap890.tbsmap,1,0,0,2:4:2:2:2:1
./autobattle/genmap891.tbsmap,0,1,0,5:1:2:3:1:3
./autobattle/genmap892.tbsmap,1,0,0,2:4:2:3:1:3
./autobattle/genmap893.tbsmap,0,0,1,4:2:5:4:6:4
./autobattle/genmap894.tbsmap,0,1,0,5:1:4:4:4:5
./autobattle/genmap895.tbsmap,0,0,1,5:5:6:3:5:3
./autobattle/genmap896.tbsmap,0,0,1,4:1:5:1:5:2
./autobattle/genmap897.tbsmap,0,1,0,2:2:1:5:1:6
./autobattle/genmap898.tbsmap,1,0,0,2:5:5:3:5:4
./autobattle/genmap899.tbsmap,1,0,0,1:3:5:4:4:4
./autobattle/genmap9.tbsmap,1,0,0,2:4:2:4:1:4
./autobattle/genmap90.tbsmap,0,1,0,3:4:2:1:1:1
./autobattle/genmap900.tbsmap,1,0,0,4:6:5:4:4:4
./autobattle/genmap901.tbsmap,1,0,0,2:1:2:1:1:1
./autobattle/genmap902.tbsmap,1,0,0,2:1:3:2:2:2
./autobattle/genmap903.tbsmap,0,1,0,4:3:6:5:5:5
./autobattle/genmap904.tbsmap,1,0,0,5:3:6:1:5:1
./autobattle/genmap905.tbsmap,1,0,0,1:3:6:1:5:1
./autobattle/genmap906.tbsmap,1,0,0,3:6:4:5:4:4
./autobattle/genmap907.tbsmap,1,0,0,5:3:6:1:5:1
./autobattle/genmap908.tbsmap,1,0,0,2:3:3:3:3:4
./autobattle/genmap909.tbsmap,0,0,1,4:4:4:4:3:4
./autobattle/genmap91.tbsmap,1,0,0,2:2:2:1:3:1
./autobattle/genmap910.tbsmap,1,0,0,5:4:5:6:4:6
./autobattle/genmap911.tbsmap,1,0,0,2:5:2:5:1:5
./autobattle/genmap912.tbsmap,1,0,0,2:2:2:4:1:4
./autobattle/genmap913.tbsmap,1,0,0,4:3:3:4:4:4
./autobattle/genmap914.tbsmap,0,0,1,4:5:4:5:3:5
./autobattle/genmap915.tbsmap,0,0,1,2:2:2:1:1:1
./autobattle/genmap916.tbsmap,1,0,0,6:3:6:4:6:5
./autobattle/genmap917.tbsmap,1,0,0,3:3:5:3:4:3
./autobattle/genmap918.tbsmap,0,1,0,6:2:6:5:6:6
./autobattle/genmap919.tbsmap,1,0,0,3:5:4:2:4:3
./autobattle/genmap92.tbsmap,0,1,0,4:1:3:5:2:5
./autobattle/genmap920.tbsmap,1,0,0,3:3:6:2:6:3
./autobattle/genmap921.tbsmap,0,0,1,1:3:5:4:4:4
./autobattle/genmap922.tbsmap,1,0,0,2:3:3:5:2:5
./autobattle/genmap923.tbsmap,1,0,0,6:5:5:6:4:6
./autobattle/genmap924.tbsmap,0,1,0,1:3:5:2:5:3
./autobattle/genmap925.tbsmap,0,1,0,2:2:3:3:3:4
./autobattle/genmap926.tbsmap,0,0,1,1:4:4:2:3:2
./autobattle/genmap927.tbsmap,1,0,0,1:4:2:1:1:1
./autobattle/genmap928.tbsmap,0,1,0,5:4:6:4:6:5
./autobattle/genmap929.tbsmap,0,1,0,2:5:4:3:5:3
./autobattle/genmap93.tbsmap,1,0,0,6:6:6:6:5:6
./autobattle/genmap930.tbsmap,0,1,0,5:6:4:5:3:5
./autobattle/genmap931.tbsmap,1,0,0,5:4:4:5:3:5
./autobattle/genmap932.tbsmap,1,0,0,5:2:5:2:4:2
./autobattle/genmap933.tbsmap,1,0,0,5:1:3:1:3:2
./autobattle/genmap934.tbsmap,1,0,0,5:5:5:6:4:6
./autobattle/genmap935.tbsmap,1,0,0,3:5:4:6:3:6
./autobattle/genmap936.tbsmap,1,0,0,4:5:4:3:3:3
./autobattle/genmap937.tbsmap,0,1,0,5:4:4:1:3:1
./autobattle/genmap938.tbsmap,1,0,0,1:1:1:3:1:4
./autobattle/genmap939.tbsmap,1,0,0,6:3:6:3:5:3
./autobattle/genmap94.tbsmap,1,0,0,2:4:5:5:5:6
./autobattle/genmap940.tbsmap,1,0,0,6:5:3:4:3:3
./autobattle/genmap941.tbsmap,0,0,1,2:6:2:5:3:5
./autobattle/genmap942.tbsmap,0,1,0,5:6:5:4:5:3
./autobattle/genmap943.tbsmap,1,0,0,5:4:6:2:5:2
./autobattle/genmap944.tbsmap,1,0,0,4:5:6:2:6:3
./autobattle/genmap945.tbsmap,1,0,0,3:5:2:2:3:2
./autobattle/genmap946.tbsmap,0,1,0,5:2:2:3:2:4
./autobattle/genmap947.tbsmap,1,0,0,4:2:5:3:4:3
./autobattle/genmap948.tbsmap,1,0,0,1:6:2:4:2:3
./autobattle/genmap949.tbsmap,1,0,0,4:3:4:3:5:3
./autobattle/genmap95.tbsmap,1,0,0,2:2:5:4:4:4
./autobattle/genmap950.tbsmap,1,0,0,5:3:6:3:6:4
./autobattle/genmap951.tbsmap,1,0,0,1:2:3:2:4:2
./autobattle/genmap952.tbsmap,1,0,0,6:1:6:1:5:1
./autobattle/genmap953.tbsmap,1,0,0,1:6:2:3:3:3
./autobattle/genmap954.tbsmap,1,0,0,3:5:6:3:5:3
./autobattle/genmap955.tbsmap,1,0,0,2:4:4:5:4:6
./autobattle/genmap956.tbsmap,1,0,0,6:1:4:5:3:5
./autobattle/genmap957.tbsmap,1,0,0,6:2:6:2:6:3
./autobattle/genmap958.tbsmap,0,1,0,3:5:1:6:1:5
./autobattle/genmap959.tbsmap,0,0,1,2:3:2:3:2:4
./autobattle/genmap96.tbsmap,0,1,0,2:6:4:6:3:6
./autobattle/genmap960.tbsmap,1,0,0,4:2:6:5:6:6
./autobattle/genmap961.tbsmap,1,0,0,3:6:3:6:3:5
./autobattle/genmap962.tbsmap,1,0,0,3:4:3:5:2:5
./autobattle/genmap963.tbsmap,1,0,0,3:4:3:2:3:1
./autobattle/genmap964.tbsmap,1,0,0,1:5:3:5:3:6
./autobattle/genmap965.tbsmap,0,0,1,5:1:6:2:5:2
./autobattle/genmap966.tbsmap,0,0,1,3:4:3:4:3:5
./autobattle/genmap967.tbsmap,0,1,0,2:1:3:2:2:2
./autobattle/genmap968.tbsmap,1,0,0,6:4:3:4:3:5
./autobattle/genmap969.tbsmap,1,0,0,5:5:2:4:2:5
./autobattle/genmap97.tbsmap,0,1,0,3:4:5:6:6:6
./autobattle/genmap970.tbsmap,1,0,0,1:2:1:2:1:1
./autobattle/genmap971.tbsmap,0,0,1,6:4:6:4:5:4
./autobattle/genmap972.tbsmap,0,1,0,2:3:2:5:1:5
./autobattle/genmap973.tbsmap,1,0,0,1:1:2:4:1:4
./autobattle/genmap974.tbsmap,0,0,1,5:5:1:5:1:6
./autobattle/genmap975.tbsmap,1,0,0,3:5:2:1:1:1
./autobattle/genmap976.tbsmap,1,0,0,4:4:4:5:3:5
./autobattle/genmap977.tbsmap,1,0,0,1:4:2:3:1:3
./autobattle/genmap978.tbsmap,0,1,0,6:2:5:6:4:6
./autobattle/genmap979.tbsmap,0,0,1,2:5:2:5:1:5
./autobattle/genmap98.tbsmap,1,0,0,5:3:6:1:6:2
./autobattle/genmap980.tbsmap,0,0,1,4:4:3:2:4:2
./autobattle/genmap981.tbsmap,0,0,1,2:3:6:2:5:2
./autobattle/genmap982.tbsmap,0,1,0,4:5:6:2:6:3
./autobattle/genmap983.tbsmap,1,0,0,1:4:2:3:3:3
./autobattle/genmap984.tbsmap,1,0,0,5:6:4:6:4:5
./autobattle/genmap985.tbsmap,1,0,0,2:2:3:5:3:6
./autobattle/genmap986.tbsmap,1,0,0,2:5:6:5:5:5
./autobattle/genmap987.tbsmap,0,1,0,6:5:6:6:5:6
./autobattle/genmap988.tbsmap,0,1,0,4:4:4:5:4:6
./autobattle/genmap989.tbsmap,0,1,0,5:4:6:3:6:2
./autobattle/genmap99.tbsmap,1,0,0,4:1:4:2:3:2
./autobattle/genmap990.tbsmap,0,1,0,1:5:2:3:3:3
./autobattle/genmap991.tbsmap,1,0,0,6:4:2:3:2:4
./autobattle/genmap992.tbsmap,0,1,0,2:2:1:2:1:1
./autobattle/genmap993.tbsmap,1,0,0,6:2:6:5:6:6
./autobattle/genmap994.tbsmap,1,0,0,6:2:6:3:6:4
./autobattle/genmap995.tbsmap,1,0,0,6:1:2:1:1:1
./autobattle/genmap996.tbsmap,0,1,0,2:6:3:4:2:4
./autobattle/genmap997.tbsmap,0,0,1,3:4:4:5:4:6
./autobattle/genmap998.tbsmap,0,0,1,3:4:2:2:2:1
./autobattle/genmap999.tbsmap,1,0,0,5:1:5:1:6:1
